<?xml version="1.0"?>
<scenario>
  <population>
    <name>Dingoes</name>
    <description />
    <type>terrestrial</type>
    <accumulators>
      <accumulator name="Acquired Resources" lowerBound="100" upperBound="100" birthLower="100" birthUpper="100" min="0" max="100" holdsId="False" inherit="False">
        <description />
      </accumulator>
      <accumulator name="Age" lowerBound="0" upperBound="3" birthLower="0" birthUpper="0" holdsId="False" inherit="False">
        <description />
      </accumulator>
      <accumulator name="Alpha fem count" lowerBound="0" upperBound="0" birthLower="0" birthUpper="0" holdsId="False" inherit="False">
        <description />
      </accumulator>
      <accumulator name="Alpha fem status" lowerBound="0" upperBound="0" birthLower="0" birthUpper="0" holdsId="False" inherit="False">
        <description />
      </accumulator>
      <accumulator name="Alpha male count" lowerBound="0" upperBound="0" birthLower="0" birthUpper="0" holdsId="False" inherit="False">
        <description />
      </accumulator>
      <accumulator name="Alpha male status" lowerBound="0" upperBound="0" birthLower="0" birthUpper="0" holdsId="False" inherit="False">
        <description />
      </accumulator>
      <accumulator name="Gender" lowerBound="0" upperBound="0" birthLower="0" birthUpper="0" holdsId="False" inherit="False">
        <description />
      </accumulator>
      <accumulator name="GMaleStatus" lowerBound="0" upperBound="0" birthLower="0" birthUpper="0" holdsId="False" inherit="False">
        <description />
      </accumulator>
      <accumulator name="Group Size" lowerBound="0" upperBound="0" birthLower="1" birthUpper="1" holdsId="False" inherit="False">
        <description />
      </accumulator>
      <accumulator name="GroupCensus" lowerBound="0" upperBound="0" birthLower="0" birthUpper="0" holdsId="False" inherit="False">
        <description />
      </accumulator>
      <accumulator name="GTagCount" lowerBound="0" upperBound="0" birthLower="0" birthUpper="0" holdsId="False" inherit="False">
        <description />
      </accumulator>
      <accumulator name="GTagStatus" lowerBound="0" upperBound="0" birthLower="0" birthUpper="0" holdsId="False" inherit="False">
        <description />
      </accumulator>
      <accumulator name="Invasion" lowerBound="0" upperBound="0" birthLower="0" birthUpper="0" holdsId="False" inherit="False">
        <description />
      </accumulator>
      <accumulator name="Mate" lowerBound="0" upperBound="0" birthLower="0" birthUpper="0" holdsId="False" inherit="False">
        <description />
      </accumulator>
      <accumulator name="nonAbreeder Count" lowerBound="0" upperBound="0" birthLower="0" birthUpper="0" holdsId="False" inherit="False">
        <description />
      </accumulator>
      <accumulator name="nonAbreeder Status" lowerBound="0" upperBound="0" birthLower="0" birthUpper="0" holdsId="False" inherit="False">
        <description />
      </accumulator>
      <accumulator name="PopId" lowerBound="0" upperBound="0" birthLower="0" birthUpper="0" holdsId="False" inherit="False">
        <description />
      </accumulator>
    </accumulators>
    <traits>
      <accumulatedTrait name="Age" accumulator="Age">
        <value name="Pups" threshold="-INF" />
        <value name="Juveniles" threshold="1" />
        <value name="Adults" threshold="2" />
        <description />
      </accumulatedTrait>
      <accumulatedTrait name="Alpha female" accumulator="Alpha fem status">
        <value name="non-alpha female" threshold="-INF" />
        <value name="alpha female" threshold="1" />
        <description />
      </accumulatedTrait>
      <accumulatedTrait name="Alpha male" accumulator="Alpha male status">
        <value name="non-alpha male" threshold="-INF" />
        <value name="alpha male" threshold="1" />
        <description />
      </accumulatedTrait>
      <accumulatedTrait name="G has alpha fem" accumulator="Alpha fem count">
        <value name="G_without_alpha_fem" threshold="-INF" />
        <value name="G_has_alpha_fem" threshold="1" />
        <description />
      </accumulatedTrait>
      <accumulatedTrait name="G has alpha male" accumulator="Alpha male count">
        <value name="G_without_alpha_male" threshold="-INF" />
        <value name="G_has_alpha_male" threshold="1" />
        <description />
      </accumulatedTrait>
      <accumulatedTrait name="G has nonAbreeder" accumulator="nonAbreeder Count">
        <value name="G_without_NonAbreeder" threshold="-INF" />
        <value name="G_has_nonAbreeder" threshold="1" />
        <description />
      </accumulatedTrait>
      <accumulatedTrait name="GTag" accumulator="GTagStatus">
        <value name="Untagged" threshold="-INF" />
        <value name="Tagged" threshold="1" />
        <description />
      </accumulatedTrait>
      <accumulatedTrait name="GhasTag" accumulator="GTagCount">
        <value name="GhasNoTag" threshold="-INF" />
        <value name="GhasTag" threshold="1" />
        <description />
      </accumulatedTrait>
      <accumulatedTrait name="Gmale" accumulator="GMaleStatus">
        <value name="GwithoutMale" threshold="-INF" />
        <value name="GhasMale" threshold="1" />
        <description />
      </accumulatedTrait>
      <accumulatedTrait name="GroupCensusTrait" accumulator="GroupCensus">
        <value name="0" threshold="-INF" />
        <value name="loner" threshold="1" />
        <value name="less5" threshold="2" />
        <value name="less13" threshold="12" />
        <value name="more13" threshold="13" />
        <description />
      </accumulatedTrait>
      <accumulatedTrait name="Has_Mate" accumulator="Mate">
        <value name="Unpaired" threshold="-INF" />
        <value name="Paired" threshold="1" />
        <description />
      </accumulatedTrait>
      <accumulatedTrait name="Invasion_front" accumulator="Invasion">
        <value name="inv 0" threshold="-INF" />
        <value name="inv 1" threshold="0" />
        <value name="inv 2" threshold="1" />
        <value name="inv 3" threshold="2" />
        <value name="inv 4" threshold="3" />
        <value name="inv 5" threshold="4" />
        <value name="inv 6" threshold="5" />
        <value name="inv 7" threshold="6" />
        <value name="inv 8" threshold="7" />
        <value name="inv 9" threshold="8" />
        <value name="inv 10" threshold="9" />
        <value name="inv 11" threshold="10" />
        <description />
      </accumulatedTrait>
      <accumulatedTrait name="PopID" accumulator="PopId">
        <value name="NoPop" threshold="-INF" />
        <value name="Pop1" threshold="1" />
        <value name="Pop2" threshold="2" />
        <description />
      </accumulatedTrait>
      <accumulatedTrait name="Resource Acquisition" accumulator="Acquired Resources">
        <value name="Resource Low" threshold="-INF" />
        <value name="Resource Medium" threshold="33.3333" />
        <value name="Resource High" threshold="66.6667" />
        <description />
      </accumulatedTrait>
      <probabilisticTrait name="Sex">
        <value name="Female" init="50" birth="50" />
        <value name="Male" init="50" birth="50" />
        <description />
      </probabilisticTrait>
      <accumulatedTrait name="Status" accumulator="Group Size">
        <value name="Floater" threshold="-INF" />
        <value name="Group Member" threshold="1" />
        <description />
      </accumulatedTrait>
      <accumulatedTrait name="nonAlphaBreeder" accumulator="nonAbreeder Status">
        <value name="nonBreeder" threshold="-INF" />
        <value name="Breeder" threshold="1" />
        <description />
      </accumulatedTrait>
    </traits>
    <initialSize>10000</initialSize>
    <initializationSpatialData>init_dist_mod2</initializationSpatialData>
    <exclusionLayer>resourcestwn</exclusionLayer>
    <excludeIfZero>true</excludeIfZero>
    <rangeParameters>
      <resourcesTarget>0</resourcesTarget>
      <rangeThreshold>1</rangeThreshold>
      <maxIndivInGroup>13</maxIndivInGroup>
      <maxRangeDistance>14400.000000000002</maxRangeDistance>
      <maxRangeHectares>11300</maxRangeHectares>
      <rangeSpatialData>resourcestwn</rangeSpatialData>
      <rangeBarriers>SBF</rangeBarriers>
      <minRangeResource>397</minRangeResource>
      <floaterResourceFraction>0.1</floaterResourceFraction>
      <resourceTargets>
        <trait>Age</trait>
        <trait>Alpha female</trait>
        <trait>Alpha male</trait>
        <trait>Sex</trait>
        <rank>2 2 0 0 0 0 0 0 4 4 0 0 0 0 0 0 3 3 0 1 2 0 0 0</rank>
        <target>5 5 0 0 0 0 0 0 40 40 0 0 0 0 0 0 40 40 0 40 40 0 0 0</target>
      </resourceTargets>
      <isCompetitive>false</isCompetitive>
      <competitiveFraction>0</competitiveFraction>
    </rangeParameters>
    <genetics>
      <useLinkage>false</useLinkage>
      <locus>
        <name>AHT103</name>
        <numberOfAlleles>5</numberOfAlleles>
        <inheritanceType>both</inheritanceType>
        <mapLocation>0</mapLocation>
        <initializeAsHomozygous>false</initializeAsHomozygous>
        <!-- Distribution mode specified as: Simple -->
        <distribution>
          <frequencies>0.15434 0.0129400007 0.061 0.00185 0.76987</frequencies>
        </distribution>
        <description />
      </locus>
      <locus>
        <name>AHT109</name>
        <numberOfAlleles>5</numberOfAlleles>
        <inheritanceType>both</inheritanceType>
        <mapLocation>0</mapLocation>
        <initializeAsHomozygous>false</initializeAsHomozygous>
        <!-- Distribution mode specified as: Simple -->
        <distribution>
          <frequencies>0.0788 0.144469991 0.75327003 0.02158 0.00187999988</frequencies>
        </distribution>
        <description />
      </locus>
      <locus>
        <name>AHT125</name>
        <numberOfAlleles>6</numberOfAlleles>
        <inheritanceType>both</inheritanceType>
        <mapLocation>0</mapLocation>
        <initializeAsHomozygous>false</initializeAsHomozygous>
        <!-- Distribution mode specified as: Simple -->
        <distribution>
          <frequencies>0.14114 0.02952 0.329339981 0.410509974 0.08672 0.00277000014</frequencies>
        </distribution>
        <description />
      </locus>
      <locus>
        <name>CPH2</name>
        <numberOfAlleles>4</numberOfAlleles>
        <inheritanceType>both</inheritanceType>
        <mapLocation>0</mapLocation>
        <initializeAsHomozygous>false</initializeAsHomozygous>
        <!-- Distribution mode specified as: Simple -->
        <distribution>
          <frequencies>0.97384 0.000930000038 0.000930000038 0.0243000016</frequencies>
        </distribution>
        <description />
      </locus>
      <locus>
        <name>CXX109</name>
        <numberOfAlleles>5</numberOfAlleles>
        <inheritanceType>both</inheritanceType>
        <mapLocation>0</mapLocation>
        <initializeAsHomozygous>false</initializeAsHomozygous>
        <!-- Distribution mode specified as: Simple -->
        <distribution>
          <frequencies>0.0550400019 0.03265 0.878720045 0.0121300006 0.0214599986</frequencies>
        </distribution>
        <description />
      </locus>
      <locus>
        <name>CXX30</name>
        <numberOfAlleles>8</numberOfAlleles>
        <inheritanceType>both</inheritanceType>
        <mapLocation>0</mapLocation>
        <initializeAsHomozygous>false</initializeAsHomozygous>
        <!-- Distribution mode specified as: Simple -->
        <distribution>
          <frequencies>0.58477 0.04952 0.02095 0.0238100011 0.0019 0.05143 0.21905 0.04857</frequencies>
        </distribution>
        <description />
      </locus>
      <locus>
        <name>CXX402</name>
        <numberOfAlleles>3</numberOfAlleles>
        <inheritanceType>both</inheritanceType>
        <mapLocation>0</mapLocation>
        <initializeAsHomozygous>false</initializeAsHomozygous>
        <!-- Distribution mode specified as: Simple -->
        <distribution>
          <frequencies>0.126639992 0.86304003 0.0103199994</frequencies>
        </distribution>
        <description />
      </locus>
      <locus>
        <name>CXX406</name>
        <numberOfAlleles>2</numberOfAlleles>
        <inheritanceType>both</inheritanceType>
        <mapLocation>0</mapLocation>
        <initializeAsHomozygous>false</initializeAsHomozygous>
        <!-- Distribution mode specified as: Simple -->
        <distribution>
          <frequencies>0.01381 0.98619</frequencies>
        </distribution>
        <description />
      </locus>
      <locus>
        <name>CXX410</name>
        <numberOfAlleles>3</numberOfAlleles>
        <inheritanceType>both</inheritanceType>
        <mapLocation>0</mapLocation>
        <initializeAsHomozygous>false</initializeAsHomozygous>
        <!-- Distribution mode specified as: Simple -->
        <distribution>
          <frequencies>0.92936 0.04926 0.02138</frequencies>
        </distribution>
        <description />
      </locus>
      <locus>
        <name>CXX434</name>
        <numberOfAlleles>4</numberOfAlleles>
        <inheritanceType>both</inheritanceType>
        <mapLocation>0</mapLocation>
        <initializeAsHomozygous>false</initializeAsHomozygous>
        <!-- Distribution mode specified as: Simple -->
        <distribution>
          <frequencies>0.89909 0.0201799981 0.03945 0.0412799977</frequencies>
        </distribution>
        <description />
      </locus>
      <locus>
        <name>CXX460</name>
        <numberOfAlleles>8</numberOfAlleles>
        <inheritanceType>both</inheritanceType>
        <mapLocation>0</mapLocation>
        <initializeAsHomozygous>false</initializeAsHomozygous>
        <!-- Distribution mode specified as: Simple -->
        <distribution>
          <frequencies>0.08442 0.000930000038 0.000930000038 0.46103 0.26067 0.180890009 0.00741999969 0.00370999984</frequencies>
        </distribution>
        <description />
      </locus>
      <locus>
        <name>FH2079</name>
        <numberOfAlleles>3</numberOfAlleles>
        <inheritanceType>both</inheritanceType>
        <mapLocation>0</mapLocation>
        <initializeAsHomozygous>false</initializeAsHomozygous>
        <!-- Distribution mode specified as: Simple -->
        <distribution>
          <frequencies>0.8757 0.0028 0.121499993</frequencies>
        </distribution>
        <description />
      </locus>
      <locus>
        <name>FH2138</name>
        <numberOfAlleles>22</numberOfAlleles>
        <inheritanceType>both</inheritanceType>
        <mapLocation>0</mapLocation>
        <initializeAsHomozygous>false</initializeAsHomozygous>
        <!-- Distribution mode specified as: Simple -->
        <distribution>
          <frequencies>0.00289000012 0.0606899969 0.0972999856 0.0269700009 0.000960000034 0.00674 0.0125199994 0.00578000024 0.091520004 0.01638 0.00385 0.01349 0.13969 0.03372 0.21004 0.11753 0.0693599954 0.0250500012 0.05588 0.00482 0.00289000012 0.00193</frequencies>
        </distribution>
        <description />
      </locus>
      <locus>
        <name>FH2168</name>
        <numberOfAlleles>20</numberOfAlleles>
        <inheritanceType>both</inheritanceType>
        <mapLocation>0</mapLocation>
        <initializeAsHomozygous>false</initializeAsHomozygous>
        <!-- Distribution mode specified as: Simple -->
        <distribution>
          <frequencies>0.00568000041 0.00379 0.15341 0.00379 0.0246199984 0.34849 0.0161 0.0369300023 0.11364 0.08144 0.0028400002 0.0028400002 0.13163 0.0141999992 0.01705 0.00472999969 0.00189 0.01799 0.00947 0.00947</frequencies>
        </distribution>
        <description />
      </locus>
      <locus>
        <name>FH2199</name>
        <numberOfAlleles>16</numberOfAlleles>
        <inheritanceType>both</inheritanceType>
        <mapLocation>0</mapLocation>
        <initializeAsHomozygous>false</initializeAsHomozygous>
        <!-- Distribution mode specified as: Simple -->
        <distribution>
          <frequencies>0.07186 0.00607 0.0415000021 0.0921100155 0.04757 0.14777 0.14069 0.230760008 0.0496 0.05263 0.0647800043 0.00303999986 0.00709 0.01518 0.01923 0.01012</frequencies>
        </distribution>
        <description />
      </locus>
      <locus>
        <name>FH2247</name>
        <numberOfAlleles>18</numberOfAlleles>
        <inheritanceType>both</inheritanceType>
        <mapLocation>0</mapLocation>
        <initializeAsHomozygous>false</initializeAsHomozygous>
        <!-- Distribution mode specified as: Simple -->
        <distribution>
          <frequencies>0.05159 0.05066 0.0206399988 0.0900599957 0.02814 0.20825 0.10882 0.19231 0.01407 0.00093999994 0.12101 0.02814 0.04034 0.00187999988 0.00844 0.00469000032 0.02533 0.00469000032</frequencies>
        </distribution>
        <description />
      </locus>
      <locus>
        <name>FH2257</name>
        <numberOfAlleles>7</numberOfAlleles>
        <inheritanceType>both</inheritanceType>
        <mapLocation>0</mapLocation>
        <initializeAsHomozygous>false</initializeAsHomozygous>
        <!-- Distribution mode specified as: Simple -->
        <distribution>
          <frequencies>0.00183 0.23761 0.06239 0.57248 0.08991 0.0293600019 0.00642</frequencies>
        </distribution>
        <description />
      </locus>
      <locus>
        <name>FH2293</name>
        <numberOfAlleles>13</numberOfAlleles>
        <inheritanceType>both</inheritanceType>
        <mapLocation>0</mapLocation>
        <initializeAsHomozygous>false</initializeAsHomozygous>
        <!-- Distribution mode specified as: Simple -->
        <distribution>
          <frequencies>0.02528 0.28369 0.06461 0.24157 0.01873 0.00187 0.05431 0.19476 0.0496299975 0.00562 0.02715 0.03184 0.00093999994</frequencies>
        </distribution>
        <description />
      </locus>
      <locus>
        <name>FH2313</name>
        <numberOfAlleles>10</numberOfAlleles>
        <inheritanceType>both</inheritanceType>
        <mapLocation>0</mapLocation>
        <initializeAsHomozygous>false</initializeAsHomozygous>
        <!-- Distribution mode specified as: Simple -->
        <distribution>
          <frequencies>0.00093999994 0.06309 0.179850012 0.34276 0.25518 0.0310700014 0.07533 0.01318 0.0310700014 0.00753</frequencies>
        </distribution>
        <description />
      </locus>
      <locus>
        <name>FH2537</name>
        <numberOfAlleles>9</numberOfAlleles>
        <inheritanceType>both</inheritanceType>
        <mapLocation>0</mapLocation>
        <initializeAsHomozygous>false</initializeAsHomozygous>
        <!-- Distribution mode specified as: Simple -->
        <distribution>
          <frequencies>0.00287 0.09483 0.00479 0.38506 0.310340017 0.04119 0.13123 0.0249 0.00479</frequencies>
        </distribution>
        <description />
      </locus>
      <locus>
        <name>FH3278</name>
        <numberOfAlleles>9</numberOfAlleles>
        <inheritanceType>both</inheritanceType>
        <mapLocation>0</mapLocation>
        <initializeAsHomozygous>false</initializeAsHomozygous>
        <!-- Distribution mode specified as: Simple -->
        <distribution>
          <frequencies>0.01128 0.07143 0.372179985 0.23684 0.124060005 0.07143 0.05451 0.0573299974 0.00093999994</frequencies>
        </distribution>
        <description />
      </locus>
      <locus>
        <name>FH3295</name>
        <numberOfAlleles>9</numberOfAlleles>
        <inheritanceType>both</inheritanceType>
        <mapLocation>0</mapLocation>
        <initializeAsHomozygous>false</initializeAsHomozygous>
        <!-- Distribution mode specified as: Simple -->
        <distribution>
          <frequencies>0.03102 0.01692 0.02538 0.54322 0.28759 0.06673 0.015039999 0.01316 0.00093999994</frequencies>
        </distribution>
        <description />
      </locus>
      <locus>
        <name>FH3413</name>
        <numberOfAlleles>13</numberOfAlleles>
        <inheritanceType>both</inheritanceType>
        <mapLocation>0</mapLocation>
        <initializeAsHomozygous>false</initializeAsHomozygous>
        <!-- Distribution mode specified as: Simple -->
        <distribution>
          <frequencies>0.00189 0.09717 0.06981 0.09717 0.0717 0.16604 0.18113 0.16604 0.01132 0.00377 0.09528 0.03491 0.00377</frequencies>
        </distribution>
        <description />
      </locus>
      <locus>
        <name>FH3591</name>
        <numberOfAlleles>7</numberOfAlleles>
        <inheritanceType>both</inheritanceType>
        <mapLocation>0</mapLocation>
        <initializeAsHomozygous>false</initializeAsHomozygous>
        <!-- Distribution mode specified as: Simple -->
        <distribution>
          <frequencies>0.876159966 0.03259 0.0567999966 0.00652000029 0.00931 0.00186000008 0.01676</frequencies>
        </distribution>
        <description />
      </locus>
      <locus>
        <name>ladeC213</name>
        <numberOfAlleles>7</numberOfAlleles>
        <inheritanceType>both</inheritanceType>
        <mapLocation>0</mapLocation>
        <initializeAsHomozygous>false</initializeAsHomozygous>
        <!-- Distribution mode specified as: Simple -->
        <distribution>
          <frequencies>0.4827 0.111540005 0.00192000007 0.000960000034 0.00287999981 0.399039984 0.000960000034</frequencies>
        </distribution>
        <description />
      </locus>
      <locus>
        <name>LEI008</name>
        <numberOfAlleles>4</numberOfAlleles>
        <inheritanceType>both</inheritanceType>
        <mapLocation>0</mapLocation>
        <initializeAsHomozygous>false</initializeAsHomozygous>
        <!-- Distribution mode specified as: Simple -->
        <distribution>
          <frequencies>0.05545 0.74862 0.195009992 0.00092</frequencies>
        </distribution>
        <description />
      </locus>
      <locus>
        <name>m13c19</name>
        <numberOfAlleles>3</numberOfAlleles>
        <inheritanceType>both</inheritanceType>
        <mapLocation>0</mapLocation>
        <initializeAsHomozygous>false</initializeAsHomozygous>
        <!-- Distribution mode specified as: Simple -->
        <distribution>
          <frequencies>0.88804 0.07211 0.03985</frequencies>
        </distribution>
        <description />
      </locus>
      <locus>
        <name>m13tt</name>
        <numberOfAlleles>2</numberOfAlleles>
        <inheritanceType>both</inheritanceType>
        <mapLocation>0</mapLocation>
        <initializeAsHomozygous>false</initializeAsHomozygous>
        <!-- Distribution mode specified as: Simple -->
        <distribution>
          <frequencies>0.0707600042 0.929240048</frequencies>
        </distribution>
        <description />
      </locus>
      <locus>
        <name>Ren195</name>
        <numberOfAlleles>5</numberOfAlleles>
        <inheritanceType>both</inheritanceType>
        <mapLocation>0</mapLocation>
        <initializeAsHomozygous>false</initializeAsHomozygous>
        <!-- Distribution mode specified as: Simple -->
        <distribution>
          <frequencies>0.0233599991 0.0514 0.1514 0.766360044 0.00748</frequencies>
        </distribution>
        <description />
      </locus>
      <locus>
        <name>Ren229</name>
        <numberOfAlleles>7</numberOfAlleles>
        <inheritanceType>both</inheritanceType>
        <mapLocation>0</mapLocation>
        <initializeAsHomozygous>false</initializeAsHomozygous>
        <!-- Distribution mode specified as: Simple -->
        <distribution>
          <frequencies>0.03429 0.0019 0.06381 0.66572 0.123809993 0.07714 0.03333</frequencies>
        </distribution>
        <description />
      </locus>
      <locus>
        <name>Ren47D</name>
        <numberOfAlleles>4</numberOfAlleles>
        <inheritanceType>both</inheritanceType>
        <mapLocation>0</mapLocation>
        <initializeAsHomozygous>false</initializeAsHomozygous>
        <!-- Distribution mode specified as: Simple -->
        <distribution>
          <frequencies>0.19303 0.00565 0.7985 0.00282</frequencies>
        </distribution>
        <description />
      </locus>
      <locus>
        <name>VIASD10</name>
        <numberOfAlleles>4</numberOfAlleles>
        <inheritanceType>both</inheritanceType>
        <mapLocation>0</mapLocation>
        <initializeAsHomozygous>false</initializeAsHomozygous>
        <!-- Distribution mode specified as: Simple -->
        <distribution>
          <frequencies>0.09835 0.71231 0.0211400017 0.1682</frequencies>
        </distribution>
        <description />
      </locus>
      <locus>
        <name>WanV142</name>
        <numberOfAlleles>4</numberOfAlleles>
        <inheritanceType>both</inheritanceType>
        <mapLocation>0</mapLocation>
        <initializeAsHomozygous>false</initializeAsHomozygous>
        <!-- Distribution mode specified as: Simple -->
        <distribution>
          <frequencies>0.00741999969 0.200370014 0.02226 0.769950032</frequencies>
        </distribution>
        <description />
      </locus>
      <locus>
        <name>FH2346bis</name>
        <numberOfAlleles>23</numberOfAlleles>
        <inheritanceType>both</inheritanceType>
        <mapLocation>0</mapLocation>
        <initializeAsHomozygous>false</initializeAsHomozygous>
        <!-- Distribution mode specified as: Simple -->
        <distribution>
          <frequencies>0.015 0.18 0.069 0.06 0.09 0.003 0.001 0.023 0.006 0.021 0.001 0.0139999995 0.022 0.002 0.001 0.027 0.023 0.01 0.046 0.166000009 0.183 0.033 0.004</frequencies>
        </distribution>
        <description />
      </locus>
    </genetics>
  </population>
  <event>
    <accumulateEvent>
      <name>Increment Age</name>
      <description />
      <qualifiedName>Accumulate ( Increment Age )</qualifiedName>
      <populationName>Dingoes</populationName>
      <permanent>false</permanent>
      <!--Global Updater Functions-->
      <updaterFunction>
        <accumulator>Age</accumulator>
        <function>HexSimDomain.IncrementUpdaterFunction</function>
        <parameter>1</parameter>
        <accumulateSpatialData>InvasionMap</accumulateSpatialData>
      </updaterFunction>
    </accumulateEvent>
  </event>
  <event>
    <moveEvent>
      <name>Dispersal adult and juv males from pack</name>
      <description />
      <qualifiedName>Movement ( Dispersal adult and juv males from pack )</qualifiedName>
      <displayColor>-8355840</displayColor>
      <populationName>Dingoes</populationName>
      <permanent>false</permanent>
      <logParams logMoveDetails="true" logDispersalDeaths="false" logDispersalBarriers="false" logExplorationDeaths="false" logExplorationRange="true" logRangeColor="true" />
      <moveStrategy>onlyDisperse</moveStrategy>
      <distanceAccumulator />
      <trait>Age</trait>
      <trait>Sex</trait>
      <trait>Status</trait>
      <traitCombinations>0 0 0 0 0 0 0 1 0 0 0 1</traitCombinations>
      <dispersalSpatialData>resourcestwn</dispersalSpatialData>
      <barrierSeries>SBF</barrierSeries>
      <walkUpGradient>false</walkUpGradient>
      <getAutoCorrelationFromSpatialData>false</getAutoCorrelationFromSpatialData>
      <probabilityDistribution>LogNormal</probabilityDistribution>
      <logNormalMean>13.92</logNormalMean>
      <logNormalStandardDeviation>11.26049</logNormalStandardDeviation>
      <dispersalMinimum>0</dispersalMinimum>
      <dispersalMaximum>51</dispersalMaximum>
      <avoidExploredArea>false</avoidExploredArea>
      <attractionCoefficients>-1.00000 -1.00000 80.00000 100.00000</attractionCoefficients>
      <attractionMultiplier>10.00000</attractionMultiplier>
      <dispersalAutoCorrelation>0.5</dispersalAutoCorrelation>
      <trendPeriod>3</trendPeriod>
      <dispersalUseAffinity />
      <priorityExplore>false</priorityExplore>
      <resourceThreshold>0.7</resourceThreshold>
    </moveEvent>
  </event>
  <event>
    <moveEvent>
      <name>Adult males from pack explore</name>
      <description />
      <qualifiedName>Movement ( Adult males from pack explore )</qualifiedName>
      <displayColor>-8355840</displayColor>
      <populationName>Dingoes</populationName>
      <permanent>false</permanent>
      <logParams logMoveDetails="true" logDispersalDeaths="false" logDispersalBarriers="false" logExplorationDeaths="false" logExplorationRange="true" logRangeColor="true" />
      <moveStrategy>resetExplored</moveStrategy>
      <zeroExplored>true</zeroExplored>
      <distanceAccumulator />
      <trait>Age</trait>
      <trait>Sex</trait>
      <trait>Status</trait>
      <traitCombinations>0 0 0 0 0 0 0 0 0 0 0 1</traitCombinations>
      <barrierSeries>SBF</barrierSeries>
      <walkUpGradient>false</walkUpGradient>
      <getAutoCorrelationFromSpatialData>false</getAutoCorrelationFromSpatialData>
      <maximumLocalSearchArea>12</maximumLocalSearchArea>
      <explorationGoal>ExplorationOnlyFloatersAndGroups</explorationGoal>
      <explorationAlgorithm>Adaptive</explorationAlgorithm>
      <explorationSetAffinity />
      <purgeAffinity>false</purgeAffinity>
      <priorityExplore>false</priorityExplore>
      <resourceThreshold>1</resourceThreshold>
    </moveEvent>
  </event>
  <event>
    <moveEvent>
      <name>Juv males from pack explore</name>
      <description />
      <qualifiedName>Movement ( Juv males from pack explore )</qualifiedName>
      <displayColor>-8355840</displayColor>
      <populationName>Dingoes</populationName>
      <permanent>false</permanent>
      <logParams logMoveDetails="true" logDispersalDeaths="false" logDispersalBarriers="false" logExplorationDeaths="false" logExplorationRange="true" logRangeColor="true" />
      <moveStrategy>resetExplored</moveStrategy>
      <zeroExplored>true</zeroExplored>
      <distanceAccumulator />
      <trait>Age</trait>
      <trait>Sex</trait>
      <trait>Status</trait>
      <traitCombinations>0 0 0 0 0 0 0 1 0 0 0 0</traitCombinations>
      <barrierSeries>SBF</barrierSeries>
      <walkUpGradient>false</walkUpGradient>
      <getAutoCorrelationFromSpatialData>false</getAutoCorrelationFromSpatialData>
      <maximumLocalSearchArea>7</maximumLocalSearchArea>
      <explorationGoal>ExplorationOnlyFloatersAndGroups</explorationGoal>
      <explorationAlgorithm>Adaptive</explorationAlgorithm>
      <explorationSetAffinity />
      <purgeAffinity>false</purgeAffinity>
      <priorityExplore>false</priorityExplore>
      <resourceThreshold>1</resourceThreshold>
    </moveEvent>
  </event>
  <event>
    <moveEvent>
      <name>Dispersal male floaters</name>
      <description />
      <qualifiedName>Movement ( Dispersal male floaters )</qualifiedName>
      <displayColor>-8355840</displayColor>
      <populationName>Dingoes</populationName>
      <permanent>false</permanent>
      <logParams logMoveDetails="true" logDispersalDeaths="false" logDispersalBarriers="false" logExplorationDeaths="false" logExplorationRange="true" logRangeColor="true" />
      <moveStrategy>onlyDisperse</moveStrategy>
      <distanceAccumulator />
      <trait>Sex</trait>
      <trait>Status</trait>
      <traitCombinations>0 0 1 0</traitCombinations>
      <dispersalSpatialData>resourcestwn</dispersalSpatialData>
      <barrierSeries>SBF</barrierSeries>
      <walkUpGradient>false</walkUpGradient>
      <getAutoCorrelationFromSpatialData>false</getAutoCorrelationFromSpatialData>
      <probabilityDistribution>Uniform</probabilityDistribution>
      <logNormalMean>2</logNormalMean>
      <logNormalStandardDeviation>1.1</logNormalStandardDeviation>
      <dispersalMinimum>3</dispersalMinimum>
      <dispersalMaximum>12</dispersalMaximum>
      <avoidExploredArea>false</avoidExploredArea>
      <attractionCoefficients>-1.00000 -1.00000 80.00000 100.00000</attractionCoefficients>
      <attractionMultiplier>10.00000</attractionMultiplier>
      <dispersalAutoCorrelation>0.5</dispersalAutoCorrelation>
      <trendPeriod>3</trendPeriod>
      <dispersalUseAffinity />
      <priorityExplore>false</priorityExplore>
      <resourceThreshold>0.7</resourceThreshold>
    </moveEvent>
  </event>
  <event>
    <moveEvent>
      <name>Males loner floaters</name>
      <description />
      <qualifiedName>Movement ( Males loner floaters )</qualifiedName>
      <displayColor>-8355840</displayColor>
      <populationName>Dingoes</populationName>
      <permanent>false</permanent>
      <logParams logMoveDetails="true" logDispersalDeaths="false" logDispersalBarriers="false" logExplorationDeaths="false" logExplorationRange="true" logRangeColor="true" />
      <moveStrategy>resetExplored</moveStrategy>
      <zeroExplored>true</zeroExplored>
      <distanceAccumulator />
      <trait>Sex</trait>
      <trait>Status</trait>
      <traitCombinations>0 0 1 0</traitCombinations>
      <barrierSeries>SBF</barrierSeries>
      <walkUpGradient>false</walkUpGradient>
      <getAutoCorrelationFromSpatialData>false</getAutoCorrelationFromSpatialData>
      <maximumLocalSearchArea>23</maximumLocalSearchArea>
      <explorationGoal>ExplorationOnlyFloatersAndGroups</explorationGoal>
      <explorationAlgorithm>Adaptive</explorationAlgorithm>
      <explorationSetAffinity />
      <purgeAffinity>false</purgeAffinity>
      <priorityExplore>false</priorityExplore>
      <resourceThreshold>1</resourceThreshold>
    </moveEvent>
  </event>
  <event>
    <moveEvent>
      <name>Dispersal adult and juv females from pack</name>
      <description />
      <qualifiedName>Movement ( Dispersal adult and juv females from pack )</qualifiedName>
      <displayColor>-8355840</displayColor>
      <populationName>Dingoes</populationName>
      <permanent>false</permanent>
      <logParams logMoveDetails="true" logDispersalDeaths="false" logDispersalBarriers="false" logExplorationDeaths="false" logExplorationRange="true" logRangeColor="true" />
      <moveStrategy>disperseThenExplore</moveStrategy>
      <maximumExploreCount>1</maximumExploreCount>
      <distanceAccumulator />
      <trait>Age</trait>
      <trait>Sex</trait>
      <trait>Status</trait>
      <traitCombinations>0 0 0 0 0 1 0 0 0 1 0 0</traitCombinations>
      <dispersalSpatialData>resourcestwn</dispersalSpatialData>
      <barrierSeries>SBF</barrierSeries>
      <walkUpGradient>false</walkUpGradient>
      <getAutoCorrelationFromSpatialData>false</getAutoCorrelationFromSpatialData>
      <probabilityDistribution>LogNormal</probabilityDistribution>
      <logNormalMean>13.92</logNormalMean>
      <logNormalStandardDeviation>11.2605</logNormalStandardDeviation>
      <dispersalMinimum>0</dispersalMinimum>
      <dispersalMaximum>51</dispersalMaximum>
      <avoidExploredArea>false</avoidExploredArea>
      <attractionCoefficients>-1.00000 -1.00000 80.00000 100.00000</attractionCoefficients>
      <attractionMultiplier>10.00000</attractionMultiplier>
      <dispersalAutoCorrelation>0.5</dispersalAutoCorrelation>
      <trendPeriod>3</trendPeriod>
      <dispersalUseAffinity />
      <maximumLocalSearchArea>7</maximumLocalSearchArea>
      <explorationGoal>JoinThenEstablish</explorationGoal>
      <explorationAlgorithm>Adaptive</explorationAlgorithm>
      <explorationSetAffinity />
      <purgeAffinity>false</purgeAffinity>
      <priorityExplore>false</priorityExplore>
      <resourceThreshold>0.7</resourceThreshold>
    </moveEvent>
  </event>
  <event>
    <moveEvent>
      <name>Dispersal female floaters</name>
      <description />
      <qualifiedName>Movement ( Dispersal female floaters )</qualifiedName>
      <displayColor>-8355840</displayColor>
      <populationName>Dingoes</populationName>
      <permanent>false</permanent>
      <logParams logMoveDetails="true" logDispersalDeaths="false" logDispersalBarriers="false" logExplorationDeaths="false" logExplorationRange="true" logRangeColor="true" />
      <moveStrategy>disperseThenExplore</moveStrategy>
      <maximumExploreCount>1</maximumExploreCount>
      <distanceAccumulator />
      <trait>Sex</trait>
      <trait>Status</trait>
      <traitCombinations>1 0 0 0</traitCombinations>
      <dispersalSpatialData>resourcestwn</dispersalSpatialData>
      <barrierSeries>SBF</barrierSeries>
      <walkUpGradient>false</walkUpGradient>
      <getAutoCorrelationFromSpatialData>false</getAutoCorrelationFromSpatialData>
      <probabilityDistribution>Uniform</probabilityDistribution>
      <logNormalMean>2</logNormalMean>
      <logNormalStandardDeviation>1.1</logNormalStandardDeviation>
      <dispersalMinimum>3</dispersalMinimum>
      <dispersalMaximum>12</dispersalMaximum>
      <avoidExploredArea>false</avoidExploredArea>
      <attractionCoefficients>-1.00000 -1.00000 80.00000 100.00000</attractionCoefficients>
      <attractionMultiplier>10.00000</attractionMultiplier>
      <dispersalAutoCorrelation>0.5</dispersalAutoCorrelation>
      <trendPeriod>3</trendPeriod>
      <dispersalUseAffinity />
      <maximumLocalSearchArea>23</maximumLocalSearchArea>
      <explorationGoal>JoinThenEstablish</explorationGoal>
      <explorationAlgorithm>Adaptive</explorationAlgorithm>
      <explorationSetAffinity />
      <purgeAffinity>false</purgeAffinity>
      <priorityExplore>false</priorityExplore>
      <resourceThreshold>0.7</resourceThreshold>
    </moveEvent>
  </event>
  <event>
    <accumulateEvent>
      <name>Assign gender</name>
      <description />
      <qualifiedName>Accumulate ( Assign gender )</qualifiedName>
      <populationName>Dingoes</populationName>
      <permanent>false</permanent>
      <!--Global Updater Functions-->
      <updaterFunction>
        <accumulator>Gender</accumulator>
        <sourceTrait>Sex</sourceTrait>
        <function>HexSimDomain.TraitIdUpdaterFunction</function>
        <accumulateSpatialData>InvasionMap</accumulateSpatialData>
      </updaterFunction>
    </accumulateEvent>
  </event>
  <event>
    <accumulateEvent>
      <name>Set Group Status 1</name>
      <description />
      <qualifiedName>Accumulate ( Set Group Status 1 )</qualifiedName>
      <populationName>Dingoes</populationName>
      <permanent>false</permanent>
      <!--Global Updater Functions-->
      <updaterFunction>
        <accumulator>Group Size</accumulator>
        <function>HexSimDomain.GroupSizeUpdaterFunction</function>
        <accumulateSpatialData>InvasionMap</accumulateSpatialData>
      </updaterFunction>
    </accumulateEvent>
  </event>
  <event>
    <accumulateEvent>
      <name>GhasMale</name>
      <description />
      <qualifiedName>Accumulate ( GhasMale )</qualifiedName>
      <displayColor>-1</displayColor>
      <populationName>Dingoes</populationName>
      <permanent>false</permanent>
      <!--Global Updater Functions-->
      <updaterFunction>
        <accumulator>GMaleStatus</accumulator>
        <function>HexSimDomain.ClearUpdaterFunction</function>
        <accumulateSpatialData>InvasionMap</accumulateSpatialData>
      </updaterFunction>
      <updaterFunction>
        <accumulator>GMaleStatus</accumulator>
        <sourceAccumulator>Gender</sourceAccumulator>
        <function>HexSimDomain.GroupSumUpdaterFunction</function>
        <accumulateSpatialData>InvasionMap</accumulateSpatialData>
      </updaterFunction>
    </accumulateEvent>
  </event>
  <event>
    <accumulateEvent>
      <name>Group census</name>
      <description />
      <qualifiedName>Accumulate ( Group census )</qualifiedName>
      <populationName>Dingoes</populationName>
      <permanent>false</permanent>
      <!--Global Updater Functions-->
      <updaterFunction>
        <accumulator>GroupCensus</accumulator>
        <function>HexSimDomain.GroupSizeUpdaterFunction</function>
        <accumulateSpatialData>InvasionMap</accumulateSpatialData>
      </updaterFunction>
    </accumulateEvent>
  </event>
  <event>
    <interactionEvent>
      <name>Males join groups</name>
      <description />
      <qualifiedName>Interaction ( Males join groups )</qualifiedName>
      <displayColor>-8355776</displayColor>
      <populationName>Dingoes</populationName>
      <permanent>false</permanent>
      <logParams logInteractionDeaths="true" />
      <presence>explored</presence>
      <colocation type="always" />
      <interaction>
        <name>New Interaction with Primary Population</name>
        <populationName>Dingoes</populationName>
        <presence>explored</presence>
        <colocation type="always" />
        <encounterProbability>1</encounterProbability>
        <outcomes>
          <p1Traits>
            <trait>Sex</trait>
            <trait>Status</trait>
          </p1Traits>
          <p2Traits>
            <trait>Gmale</trait>
            <trait>GroupCensusTrait</trait>
            <trait>Sex</trait>
          </p2Traits>
          <outcome>
            <p1ComboIndex>2</p1ComboIndex>
            <p2ComboIndex>2</p2ComboIndex>
            <p1Changes>
              <joinGroup />
            </p1Changes>
            <p2Changes>
              <change accumulator="GMaleStatus" updater="increment" value="1" />
            </p2Changes>
            <outcomeProbability>1</outcomeProbability>
          </outcome>
          <outcome>
            <p1ComboIndex>2</p1ComboIndex>
            <p2ComboIndex>4</p2ComboIndex>
            <p1Changes>
              <joinGroup />
            </p1Changes>
            <p2Changes>
              <change accumulator="GMaleStatus" updater="increment" value="1" />
            </p2Changes>
            <outcomeProbability>1</outcomeProbability>
          </outcome>
          <outcome>
            <p1ComboIndex>2</p1ComboIndex>
            <p2ComboIndex>6</p2ComboIndex>
            <p1Changes>
              <joinGroup />
            </p1Changes>
            <p2Changes>
              <change accumulator="GMaleStatus" updater="increment" value="1" />
            </p2Changes>
            <outcomeProbability>1</outcomeProbability>
          </outcome>
          <outcome>
            <p1ComboIndex>2</p1ComboIndex>
            <p2ComboIndex>8</p2ComboIndex>
            <p1Changes>
              <joinGroup />
            </p1Changes>
            <p2Changes>
              <change accumulator="GMaleStatus" updater="increment" value="1" />
            </p2Changes>
            <outcomeProbability>1</outcomeProbability>
          </outcome>
        </outcomes>
      </interaction>
    </interactionEvent>
  </event>
  <event>
    <accumulateEvent>
      <name>GTag events</name>
      <description />
      <qualifiedName>Accumulate ( GTag events )</qualifiedName>
      <displayColor>-8372224</displayColor>
      <populationName>Dingoes</populationName>
      <permanent>false</permanent>
      <!--Global Updater Functions-->
      <updaterFunction>
        <accumulator>GTagStatus</accumulator>
        <function>HexSimDomain.ClearUpdaterFunction</function>
        <accumulateSpatialData>InvasionMap</accumulateSpatialData>
      </updaterFunction>
      <updaterFunction>
        <accumulator>GTagCount</accumulator>
        <sourceAccumulator>GTagStatus</sourceAccumulator>
        <function>HexSimDomain.GroupSumUpdaterFunction</function>
        <accumulateSpatialData>InvasionMap</accumulateSpatialData>
      </updaterFunction>
      <!--Stratified Updater Functions Group 0-->
      <stratifiedUpdaterFunctions>
        <trait>GhasTag</trait>
        <traitCombinations>1 0</traitCombinations>
        <updaterFunction>
          <accumulator>GTagStatus</accumulator>
          <sourceAccumulator>GTagCount</sourceAccumulator>
          <function>HexSimDomain.SubpopulationSelectorUpdaterFunction</function>
          <parameter>1</parameter>
          <accumulateSpatialData>InvasionMap</accumulateSpatialData>
        </updaterFunction>
      </stratifiedUpdaterFunctions>
    </accumulateEvent>
  </event>
  <event>
    <accumulateEvent>
      <name>Gather Group census</name>
      <description />
      <qualifiedName>Accumulate ( Gather Group census )</qualifiedName>
      <displayColor>-8372160</displayColor>
      <populationName>Dingoes</populationName>
      <permanent>false</permanent>
      <!--Global Updater Functions-->
      <updaterFunction>
        <accumulator>GroupCensus</accumulator>
        <function>HexSimDomain.ClearUpdaterFunction</function>
        <accumulateSpatialData>InvasionMap</accumulateSpatialData>
      </updaterFunction>
      <!--Stratified Updater Functions Group 0-->
      <stratifiedUpdaterFunctions>
        <trait>GTag</trait>
        <traitCombinations>0 1</traitCombinations>
        <updaterFunction>
          <accumulator>GroupCensus</accumulator>
          <function>HexSimDomain.GroupSizeUpdaterFunction</function>
          <accumulateSpatialData>InvasionMap</accumulateSpatialData>
        </updaterFunction>
      </stratifiedUpdaterFunctions>
    </accumulateEvent>
  </event>
  <event>
    <floaterCreationEvent>
      <name>Loners float</name>
      <description />
      <qualifiedName>Floater Creation ( Loners float )</qualifiedName>
      <displayColor>-8355840</displayColor>
      <populationName>Dingoes</populationName>
      <permanent>false</permanent>
      <logParams logFloaterCreation="false" />
      <trait>GroupCensusTrait</trait>
      <neverFloat>true false true true true</neverFloat>
      <priority>4294967295 0 4294967295 4294967295 4294967295</priority>
      <resource>1 1 1 1 1</resource>
      <enforceGroupSize>false</enforceGroupSize>
      <resourceThreshold>1</resourceThreshold>
    </floaterCreationEvent>
  </event>
  <event>
    <moveEvent>
      <name>Loners explore</name>
      <description />
      <qualifiedName>Movement ( Loners explore )</qualifiedName>
      <displayColor>-8355840</displayColor>
      <populationName>Dingoes</populationName>
      <permanent>false</permanent>
      <logParams logMoveDetails="true" logDispersalDeaths="false" logDispersalBarriers="false" logExplorationDeaths="false" logExplorationRange="true" logRangeColor="true" />
      <moveStrategy>resetExplored</moveStrategy>
      <zeroExplored>true</zeroExplored>
      <distanceAccumulator />
      <trait>GroupCensusTrait</trait>
      <traitCombinations>0 1 0 0 0</traitCombinations>
      <barrierSeries>SBF</barrierSeries>
      <walkUpGradient>false</walkUpGradient>
      <getAutoCorrelationFromSpatialData>false</getAutoCorrelationFromSpatialData>
      <maximumLocalSearchArea>23</maximumLocalSearchArea>
      <explorationGoal>ExplorationOnlyFloatersAndGroups</explorationGoal>
      <explorationAlgorithm>Adaptive</explorationAlgorithm>
      <explorationSetAffinity />
      <purgeAffinity>false</purgeAffinity>
      <priorityExplore>false</priorityExplore>
      <resourceThreshold>1</resourceThreshold>
    </moveEvent>
  </event>
  <event>
    <accumulateEvent>
      <name>GTag events 2</name>
      <description />
      <qualifiedName>Accumulate ( GTag events 2 )</qualifiedName>
      <displayColor>-8372224</displayColor>
      <populationName>Dingoes</populationName>
      <permanent>false</permanent>
      <!--Global Updater Functions-->
      <updaterFunction>
        <accumulator>GTagStatus</accumulator>
        <function>HexSimDomain.ClearUpdaterFunction</function>
        <accumulateSpatialData>InvasionMap</accumulateSpatialData>
      </updaterFunction>
      <updaterFunction>
        <accumulator>GTagCount</accumulator>
        <sourceAccumulator>GTagStatus</sourceAccumulator>
        <function>HexSimDomain.GroupSumUpdaterFunction</function>
        <accumulateSpatialData>InvasionMap</accumulateSpatialData>
      </updaterFunction>
      <!--Stratified Updater Functions Group 0-->
      <stratifiedUpdaterFunctions>
        <trait>GhasTag</trait>
        <traitCombinations>1 0</traitCombinations>
        <updaterFunction>
          <accumulator>GTagStatus</accumulator>
          <sourceAccumulator>GTagCount</sourceAccumulator>
          <function>HexSimDomain.SubpopulationSelectorUpdaterFunction</function>
          <parameter>1</parameter>
          <accumulateSpatialData>InvasionMap</accumulateSpatialData>
        </updaterFunction>
      </stratifiedUpdaterFunctions>
    </accumulateEvent>
  </event>
  <event>
    <accumulateEvent>
      <name>Gather Group census 2</name>
      <description />
      <qualifiedName>Accumulate ( Gather Group census 2 )</qualifiedName>
      <displayColor>-8372160</displayColor>
      <populationName>Dingoes</populationName>
      <permanent>false</permanent>
      <!--Global Updater Functions-->
      <updaterFunction>
        <accumulator>GroupCensus</accumulator>
        <function>HexSimDomain.ClearUpdaterFunction</function>
        <accumulateSpatialData>InvasionMap</accumulateSpatialData>
      </updaterFunction>
      <!--Stratified Updater Functions Group 0-->
      <stratifiedUpdaterFunctions>
        <trait>GTag</trait>
        <traitCombinations>0 1</traitCombinations>
        <updaterFunction>
          <accumulator>GroupCensus</accumulator>
          <function>HexSimDomain.GroupSizeUpdaterFunction</function>
          <accumulateSpatialData>InvasionMap</accumulateSpatialData>
        </updaterFunction>
      </stratifiedUpdaterFunctions>
    </accumulateEvent>
  </event>
  <event>
    <accumulateEvent>
      <name>Count alpha fem within Group</name>
      <description />
      <qualifiedName>Accumulate ( Count alpha fem within Group )</qualifiedName>
      <displayColor>-128</displayColor>
      <populationName>Dingoes</populationName>
      <permanent>false</permanent>
      <!--Global Updater Functions-->
      <updaterFunction>
        <accumulator>Alpha fem count</accumulator>
        <sourceAccumulator>Alpha fem status</sourceAccumulator>
        <function>HexSimDomain.GroupSumUpdaterFunction</function>
        <accumulateSpatialData>InvasionMap</accumulateSpatialData>
      </updaterFunction>
    </accumulateEvent>
  </event>
  <event>
    <accumulateEvent>
      <name>Subpop alpha female selector</name>
      <description />
      <qualifiedName>Accumulate ( Subpop alpha female selector )</qualifiedName>
      <displayColor>-128</displayColor>
      <populationName>Dingoes</populationName>
      <permanent>false</permanent>
      <!--Stratified Updater Functions Group 0-->
      <stratifiedUpdaterFunctions>
        <trait>Sex</trait>
        <trait>Age</trait>
        <trait>G has alpha fem</trait>
        <traitCombinations>0 0 0 0 1 0 0 0 0 0 0 0</traitCombinations>
        <updaterFunction>
          <accumulator>Alpha fem status</accumulator>
          <sourceAccumulator>Alpha fem count</sourceAccumulator>
          <function>HexSimDomain.SubpopulationSelectorUpdaterFunction</function>
          <parameter>1</parameter>
          <accumulateSpatialData>InvasionMap</accumulateSpatialData>
        </updaterFunction>
      </stratifiedUpdaterFunctions>
    </accumulateEvent>
  </event>
  <event>
    <accumulateEvent>
      <name>Count alpha male within Group</name>
      <description />
      <qualifiedName>Accumulate ( Count alpha male within Group )</qualifiedName>
      <displayColor>-128</displayColor>
      <populationName>Dingoes</populationName>
      <permanent>false</permanent>
      <!--Global Updater Functions-->
      <updaterFunction>
        <accumulator>Alpha male count</accumulator>
        <sourceAccumulator>Alpha male status</sourceAccumulator>
        <function>HexSimDomain.GroupSumUpdaterFunction</function>
        <accumulateSpatialData>InvasionMap</accumulateSpatialData>
      </updaterFunction>
    </accumulateEvent>
  </event>
  <event>
    <accumulateEvent>
      <name>Subpop alpha male selector</name>
      <description />
      <qualifiedName>Accumulate ( Subpop alpha male selector )</qualifiedName>
      <displayColor>-128</displayColor>
      <populationName>Dingoes</populationName>
      <permanent>false</permanent>
      <!--Stratified Updater Functions Group 0-->
      <stratifiedUpdaterFunctions>
        <trait>Sex</trait>
        <trait>Age</trait>
        <trait>G has alpha male</trait>
        <traitCombinations>0 0 0 0 0 0 0 0 0 0 1 0</traitCombinations>
        <updaterFunction>
          <accumulator>Alpha male status</accumulator>
          <sourceAccumulator>Alpha male count</sourceAccumulator>
          <function>HexSimDomain.SubpopulationSelectorUpdaterFunction</function>
          <parameter>1</parameter>
          <accumulateSpatialData>InvasionMap</accumulateSpatialData>
        </updaterFunction>
      </stratifiedUpdaterFunctions>
    </accumulateEvent>
  </event>
  <event>
    <accumulateEvent>
      <name>Select nonAlpha female breeder</name>
      <description />
      <qualifiedName>Accumulate ( Select nonAlpha female breeder )</qualifiedName>
      <displayColor>-8355585</displayColor>
      <populationName>Dingoes</populationName>
      <permanent>false</permanent>
      <!--Global Updater Functions-->
      <updaterFunction>
        <accumulator>nonAbreeder Status</accumulator>
        <function>HexSimDomain.ClearUpdaterFunction</function>
        <accumulateSpatialData>InvasionMap</accumulateSpatialData>
      </updaterFunction>
      <updaterFunction>
        <accumulator>nonAbreeder Count</accumulator>
        <sourceAccumulator>nonAbreeder Status</sourceAccumulator>
        <function>HexSimDomain.GroupSumUpdaterFunction</function>
        <accumulateSpatialData>InvasionMap</accumulateSpatialData>
      </updaterFunction>
      <!--Stratified Updater Functions Group 0-->
      <stratifiedUpdaterFunctions>
        <trait>Age</trait>
        <trait>G has nonAbreeder</trait>
        <trait>Alpha female</trait>
        <trait>Sex</trait>
        <traitCombinations>0 0 0 0 0 0 0 0 0 0 0 0 0 0 0 0 1 0 0 0 0 0 0 0</traitCombinations>
        <updaterFunction>
          <accumulator>nonAbreeder Status</accumulator>
          <sourceAccumulator>nonAbreeder Count</sourceAccumulator>
          <function>HexSimDomain.SubpopulationSelectorUpdaterFunction</function>
          <parameter>1</parameter>
          <accumulateSpatialData>InvasionMap</accumulateSpatialData>
        </updaterFunction>
      </stratifiedUpdaterFunctions>
    </accumulateEvent>
  </event>
  <event>
    <accumulateEvent>
      <name>Set Group Status 2</name>
      <description />
      <qualifiedName>Accumulate ( Set Group Status 2 )</qualifiedName>
      <populationName>Dingoes</populationName>
      <permanent>false</permanent>
      <!--Global Updater Functions-->
      <updaterFunction>
        <accumulator>Group Size</accumulator>
        <function>HexSimDomain.GroupSizeUpdaterFunction</function>
        <accumulateSpatialData>InvasionMap</accumulateSpatialData>
      </updaterFunction>
    </accumulateEvent>
  </event>
  <event>
    <accumulateEvent>
      <name>PopLocation</name>
      <description />
      <qualifiedName>Accumulate ( PopLocation )</qualifiedName>
      <populationName>Dingoes</populationName>
      <permanent>false</permanent>
      <!--Global Updater Functions-->
      <updaterFunction>
        <accumulator>PopId</accumulator>
        <function>HexSimDomain.IndividualLocationsUpdaterFunction</function>
        <accumulateSpatialData>popids</accumulateSpatialData>
      </updaterFunction>
    </accumulateEvent>
  </event>
  <event>
    <censusEvent>
      <name>Census Age_BRepr</name>
      <description />
      <qualifiedName>Census ( Census Age_BRepr )</qualifiedName>
      <displayColor>-32768</displayColor>
      <populationName>Dingoes</populationName>
      <permanent>false</permanent>
      <logParams logCensus="true" logCensusGenomes="false" />
      <trait>Age</trait>
      <trait>PopID</trait>
      <trait>Sex</trait>
      <trait>Status</trait>
    </censusEvent>
  </event>
  <event>
    <accumulateEvent>
      <name>Select 20% of nonAlpha breeders</name>
      <description />
      <qualifiedName>Accumulate ( Select 20% of nonAlpha breeders )</qualifiedName>
      <displayColor>-8355585</displayColor>
      <populationName>Dingoes</populationName>
      <permanent>false</permanent>
      <!--Global Updater Functions-->
      <updaterFunction>
        <accumulator>nonAbreeder Status</accumulator>
        <function>HexSimDomain.ExpressionUpdaterFunction</function>
        <parameter>"nonAbreeder Status"*Floor(Rand()+0.2)</parameter>
        <parameter>0</parameter>
        <accumulateSpatialData>InvasionMap</accumulateSpatialData>
      </updaterFunction>
    </accumulateEvent>
  </event>
  <event>
    <reproductionEvent>
      <name>Reproduction group members</name>
      <description />
      <qualifiedName>Reproduction ( Reproduction group members )</qualifiedName>
      <displayColor>-8355585</displayColor>
      <populationName>Dingoes</populationName>
      <permanent>false</permanent>
      <logParams logReproductionBirths="false" logReproductionFecundity="false" logReproductionGenetics="true" />
      <natalAffinity />
      <breedingAffinity />
      <matrixSet transposed="false" rowsReversed="false">
        <matrixCount>1</matrixCount>
        <rows>24</rows>
        <columns>8</columns>
        <matrices>
1 0 0 0 0 0 0 0
1 0 0 0 0 0 0 0
1 0 0 0 0 0 0 0
1 0 0 0 0 0 0 0
1 0 0 0 0 0 0 0
1 0 0 0 0 0 0 0
1 0 0 0 0 0 0 0
1 0 0 0 0 0 0 0
1 0 0 0 0 0 0 0
1 0 0 0 0 0 0 0
1 0 0 0 0 0 0 0
1 0 0 0 0 0 0 0
1 0 0 0 0 0 0 0
1 0 0 0 0 0 0 0
1 0 0 0 0 0 0 0
1 0 0 0 0 0 0 0
1 0 0 0 0 0 0 0
1 0 0 0 0 0 0 0
1 0 0 0 0 0 0 0
1 0 0 0 0 0 0 0
2.849805E-05 0.0007452532 0.009731934 0.06346018 0.2066379 0.3359892 0.2728018 0.1106053
1 0 0 0 0 0 0 0
1 0 0 0 0 0 0 0
1 0 0 0 0 0 0 0
</matrices>
      </matrixSet>
      <trait>Age</trait>
      <trait>Alpha female</trait>
      <trait>Sex</trait>
      <trait>nonAlphaBreeder</trait>
      <mateTraits>
        <withReplacement>false</withReplacement>
        <mateTrait>Age</mateTrait>
        <mateTrait>Sex</mateTrait>
        <mateTrait>Alpha male</mateTrait>
        <mateTraitCombinations>0 0 0 0 0 0 0 0 0 0 0 1</mateTraitCombinations>
      </mateTraits>
    </reproductionEvent>
  </event>
  <event>
    <rangeDynamicsEvent>
      <name>Adjust territories</name>
      <description />
      <qualifiedName>Range Dynamics ( Adjust territories )</qualifiedName>
      <displayColor>-8355840</displayColor>
      <populationName>Dingoes</populationName>
      <permanent>false</permanent>
      <logParams logRangeDynamicsRange="true" logRangeColor="true" />
      <dataChangeActivated>false</dataChangeActivated>
      <freeExcessResources>false</freeExcessResources>
      <improveDeficientRanges>true</improveDeficientRanges>
    </rangeDynamicsEvent>
  </event>
  <event>
    <accumulateEvent>
      <name>Evaluate Resources</name>
      <description />
      <qualifiedName>Accumulate ( Evaluate Resources )</qualifiedName>
      <displayColor>-32576</displayColor>
      <populationName>Dingoes</populationName>
      <permanent>false</permanent>
      <!--Global Updater Functions-->
      <updaterFunction>
        <accumulator>Acquired Resources</accumulator>
        <function>HexSimDomain.AcquiredResourceUpdaterFunction</function>
        <parameter>1</parameter>
        <parameter>0</parameter>
        <parameter>0</parameter>
        <parameter>0</parameter>
        <parameter>0</parameter>
        <accumulateSpatialData>InvasionMap</accumulateSpatialData>
      </updaterFunction>
    </accumulateEvent>
  </event>
  <event>
    <floaterCreationEvent>
      <name>Group members</name>
      <description />
      <qualifiedName>Floater Creation ( Group members )</qualifiedName>
      <displayColor>-8355840</displayColor>
      <populationName>Dingoes</populationName>
      <permanent>false</permanent>
      <logParams logFloaterCreation="false" />
      <trait>Age</trait>
      <trait>Alpha female</trait>
      <trait>Alpha male</trait>
      <trait>Sex</trait>
      <neverFloat>true true true true true true true true false false false false false false false false false false false true true false false false</neverFloat>
      <priority>4294967295 4294967295 4294967295 4294967295 4294967295 4294967295 4294967295 4294967295 2 2 0 0 0 0 0 0 1 1 0 4294967295 4294967295 0 0 0</priority>
      <resource>1 1 1 1 1 1 1 1 0.8 0.8 1 1 1 1 1 1 0.8 0.8 1 1 1 1 1 1</resource>
      <enforceGroupSize>true</enforceGroupSize>
      <resourceThreshold>1</resourceThreshold>
    </floaterCreationEvent>
  </event>
  <event>
    <survivalEvent>
      <name>by resources</name>
      <description />
      <qualifiedName>Survival ( by resources )</qualifiedName>
      <populationName>Dingoes</populationName>
      <permanent>false</permanent>
      <logParams logSurvival="false" logSurvivalDeaths="false" />
      <useAccumulator>false</useAccumulator>
      <matrixSet transposed="false" rowsReversed="false">
        <matrixCount>5</matrixCount>
        <rows>9</rows>
        <columns>1</columns>
        <matrices>
0.311
0.622
0.933
0.45
0.9
1
0.45
0.9
1

0.258
0.515
0.773
0.356
0.712
1
0.356
0.712
1

0.391
0.782
1
0.5
1
1
0.5
1
1

0.285
0.569
0.853
0.403
0.806
1
0.403
0.806
1

0.351
0.702
0.967
0.475
0.95
1
0.475
0.95
1
</matrices>
      </matrixSet>
      <trait>Age</trait>
      <trait>Resource Acquisition</trait>
    </survivalEvent>
  </event>
  <event>
    <rangeDynamicsEvent>
      <name>Adjust territories 2</name>
      <description />
      <qualifiedName>Range Dynamics ( Adjust territories 2 )</qualifiedName>
      <displayColor>-8355840</displayColor>
      <populationName>Dingoes</populationName>
      <permanent>false</permanent>
      <logParams logRangeDynamicsRange="true" logRangeColor="true" />
      <dataChangeActivated>false</dataChangeActivated>
      <freeExcessResources>true</freeExcessResources>
      <improveDeficientRanges>true</improveDeficientRanges>
    </rangeDynamicsEvent>
  </event>
  <event>
    <accumulateEvent>
      <name>Evaluate Resources 2</name>
      <description />
      <qualifiedName>Accumulate ( Evaluate Resources 2 )</qualifiedName>
      <displayColor>-32576</displayColor>
      <populationName>Dingoes</populationName>
      <permanent>false</permanent>
      <!--Global Updater Functions-->
      <updaterFunction>
        <accumulator>Acquired Resources</accumulator>
        <function>HexSimDomain.AcquiredResourceUpdaterFunction</function>
        <parameter>1</parameter>
        <parameter>0</parameter>
        <parameter>0</parameter>
        <parameter>0</parameter>
        <parameter>0</parameter>
        <accumulateSpatialData>InvasionMap</accumulateSpatialData>
      </updaterFunction>
    </accumulateEvent>
  </event>
  <event>
    <accumulateEvent>
      <name>PopLocation 2</name>
      <description />
      <qualifiedName>Accumulate ( PopLocation 2 )</qualifiedName>
      <populationName>Dingoes</populationName>
      <permanent>false</permanent>
      <!--Global Updater Functions-->
      <updaterFunction>
        <accumulator>PopId</accumulator>
        <function>HexSimDomain.IndividualLocationsUpdaterFunction</function>
        <accumulateSpatialData>popids</accumulateSpatialData>
      </updaterFunction>
    </accumulateEvent>
  </event>
  <event>
    <accumulateEvent>
      <name>Set Invasion Front</name>
      <description />
      <qualifiedName>Accumulate ( Set Invasion Front )</qualifiedName>
      <populationName>Dingoes</populationName>
      <permanent>false</permanent>
      <!--Global Updater Functions-->
      <updaterFunction>
        <accumulator>Invasion</accumulator>
        <function>HexSimDomain.IndividualLocationsUpdaterFunction</function>
        <accumulateSpatialData>invasion_front</accumulateSpatialData>
      </updaterFunction>
    </accumulateEvent>
  </event>
  <event>
    <censusEvent>
      <name>Census Age</name>
      <description />
      <qualifiedName>Census ( Census Age )</qualifiedName>
      <displayColor>-32768</displayColor>
      <populationName>Dingoes</populationName>
      <permanent>false</permanent>
      <logParams logCensus="true" logCensusGenomes="false" />
      <trait>Age</trait>
      <trait>PopID</trait>
      <trait>Sex</trait>
      <trait>Status</trait>
    </censusEvent>
  </event>
  <event>
    <censusEvent>
      <name>Census Pops</name>
      <description />
      <qualifiedName>Census ( Census Pops )</qualifiedName>
      <displayColor>-32768</displayColor>
      <populationName>Dingoes</populationName>
      <permanent>false</permanent>
      <logParams logCensus="true" logCensusGenomes="true" />
      <trait>PopID</trait>
      <trait>Status</trait>
    </censusEvent>
  </event>
  <event>
    <censusEvent>
      <name>Census Invasion</name>
      <description />
      <qualifiedName>Census ( Census Invasion )</qualifiedName>
      <displayColor>-32768</displayColor>
      <populationName>Dingoes</populationName>
      <permanent>false</permanent>
      <logParams logCensus="true" logCensusGenomes="false" />
      <trait>Invasion_front</trait>
    </censusEvent>
  </event>
  <event>
    <persistHexmapEvent>
      <name>InvasionMap</name>
      <description />
      <qualifiedName>Generated Hexmap ( InvasionMap )</qualifiedName>
      <displayColor>-65536</displayColor>
      <populationName />
      <permanent>false</permanent>
      <hexmapName>InvasionMap</hexmapName>
      <persistHexmapGenerator>
        <expression>h1</expression>
        <hexMapName>Dingoes:presence</hexMapName>
      </persistHexmapGenerator>
      <saveFrequency>1</saveFrequency>
    </persistHexmapEvent>
  </event>
  <simulationParameters>
    <timesteps>30</timesteps>
    <startLogStep>0</startLogStep>
    <maxMatrices>5</maxMatrices>
    <matrixStochasticity>random</matrixStochasticity>
    <simulationLog>true</simulationLog>
  </simulationParameters>
  <workspace>C:\Users\cpacioni\Documents\HexSimR\Example_data\NorthernArea</workspace>
  <hexagonGrid>
    <filename>C:\Users\cpacioni\Documents\HexSimR\Example_data\NorthernArea\NorthernArea.grid</filename>
    <hexCount>16158</hexCount>
    <rows>115</rows>
    <columns>141</columns>
    <narrow>true</narrow>
    <hexagonWidth>3599.9999626251783</hexagonWidth>
    <north>359573.74391824205</north>
    <west>0</west>
  </hexagonGrid>
  <spatialDataSeries>
    <name>init_dist_mod2</name>
    <datatype>HexMap</datatype>
    <timeSeries>1</timeSeries>
    <ignoredTimeSteps />
    <cycleLength>0</cycleLength>
  </spatialDataSeries>
  <spatialDataSeries>
    <name>invasion_front</name>
    <datatype>HexMap</datatype>
    <timeSeries>1</timeSeries>
    <ignoredTimeSteps />
    <cycleLength>0</cycleLength>
  </spatialDataSeries>
  <spatialDataSeries>
    <name>popids</name>
    <datatype>HexMap</datatype>
    <timeSeries>1</timeSeries>
    <ignoredTimeSteps />
    <cycleLength>0</cycleLength>
  </spatialDataSeries>
  <spatialDataSeries>
    <name>resourcestwn</name>
    <datatype>HexMap</datatype>
    <timeSeries>1</timeSeries>
    <ignoredTimeSteps />
    <cycleLength>0</cycleLength>
  </spatialDataSeries>
  <spatialDataSeries>
    <name>SBF</name>
    <datatype>Barrier</datatype>
    <timeSeries>1</timeSeries>
    <ignoredTimeSteps />
    <cycleLength>0</cycleLength>
  </spatialDataSeries>
  <spatialDataSeries>
    <name>InvasionMap</name>
    <datatype>Persisted</datatype>
    <timeSeries>1</timeSeries>
    <ignoredTimeSteps />
    <cycleLength>0</cycleLength>
  </spatialDataSeries>
</scenario>